{"cameraMode":{"drawMode":0,"name":"Shaded","section":"Shading Mode"},"sceneLighting":false,"audioPlay":false,"sceneViewState":{"m_AlwaysRefresh":false,"showFog":true,"showSkybox":true,"showFlares":true,"showImageEffects":true,"showParticleSystems":true,"showVisualEffectGraphs":true,"m_FxEnabled":true},"in2DMode":false,"pivot":{"x":13.858325004577637,"y":3.182690143585205,"z":-22.395885467529298},"rotation":{"x":0.16582870483398438,"y":-0.40498852729797366,"z":0.07495153695344925,"w":0.8960297107696533},"size":4.163968563079834,"orthographic":true}