{"cameraMode":{"drawMode":0,"name":"Shaded","section":"Shading Mode"},"sceneLighting":false,"audioPlay":false,"sceneViewState":{"m_AlwaysRefresh":false,"showFog":true,"showSkybox":true,"showFlares":true,"showImageEffects":true,"showParticleSystems":true,"showVisualEffectGraphs":true,"m_FxEnabled":true},"in2DMode":false,"pivot":{"x":0.19310903549194337,"y":-1.1000932455062867,"z":-2.623408079147339},"rotation":{"x":0.11605557799339295,"y":0.7582823634147644,"z":-0.14020474255084992,"w":0.6262451410293579},"size":7.542636394500732,"orthographic":true}