{"cameraMode":{"drawMode":0,"name":"Shaded","section":"Shading Mode"},"sceneLighting":false,"audioPlay":false,"sceneViewState":{"showFog":true,"showMaterialUpdate":false,"showSkybox":true,"showFlares":true,"showImageEffects":true,"showParticleSystems":true},"in2DMode":false,"pivot":{"x":9.74374771118164,"y":-0.9129548072814941,"z":-14.358759880065918},"rotation":{"x":-0.09772786498069763,"y":0.4890027940273285,"z":-0.055249303579330447,"w":-0.8650414347648621},"size":14.457746505737305,"orthographic":true}